<?xml version="1.0" encoding="UTF-8"?>
<configurationDescriptor version="65">
  <logicalFolder name="root" displayName="root" projectFiles="true">
    <logicalFolder name="HeaderFiles"
                   displayName="Header Files"
                   projectFiles="true">
      <logicalFolder name="config" displayName="config" projectFiles="true">
        <logicalFolder name="default" displayName="default" projectFiles="true">
          <logicalFolder name="peripheral" displayName="peripheral" projectFiles="true">
            <logicalFolder name="adchs" displayName="adchs" projectFiles="true">
              <itemPath>../src/config/default/peripheral/adchs/plib_adchs.h</itemPath>
              <itemPath>../src/config/default/peripheral/adchs/plib_adchs_common.h</itemPath>
            </logicalFolder>
            <logicalFolder name="clk" displayName="clk" projectFiles="true">
              <itemPath>../src/config/default/peripheral/clk/plib_clk.h</itemPath>
            </logicalFolder>
            <logicalFolder name="dmac" displayName="dmac" projectFiles="true">
              <itemPath>../src/config/default/peripheral/dmac/plib_dmac.h</itemPath>
            </logicalFolder>
            <logicalFolder name="evic" displayName="evic" projectFiles="true">
              <itemPath>../src/config/default/peripheral/evic/plib_evic.h</itemPath>
            </logicalFolder>
            <logicalFolder name="gpio" displayName="gpio" projectFiles="true">
              <itemPath>../src/config/default/peripheral/gpio/plib_gpio.h</itemPath>
            </logicalFolder>
            <logicalFolder name="nvm" displayName="nvm" projectFiles="true">
              <itemPath>../src/config/default/peripheral/nvm/plib_nvm.h</itemPath>
            </logicalFolder>
            <logicalFolder name="ocmp" displayName="ocmp" projectFiles="true">
              <itemPath>../src/config/default/peripheral/ocmp/plib_ocmp14.h</itemPath>
              <itemPath>../src/config/default/peripheral/ocmp/plib_ocmp3.h</itemPath>
              <itemPath>../src/config/default/peripheral/ocmp/plib_ocmp2.h</itemPath>
              <itemPath>../src/config/default/peripheral/ocmp/plib_ocmp1.h</itemPath>
              <itemPath>../src/config/default/peripheral/ocmp/plib_ocmp4.h</itemPath>
              <itemPath>../src/config/default/peripheral/ocmp/plib_ocmp9.h</itemPath>
              <itemPath>../src/config/default/peripheral/ocmp/plib_ocmp_common.h</itemPath>
            </logicalFolder>
            <logicalFolder name="tmr" displayName="tmr" projectFiles="true">
              <itemPath>../src/config/default/peripheral/tmr/plib_tmr_common.h</itemPath>
              <itemPath>../src/config/default/peripheral/tmr/plib_tmr6.h</itemPath>
              <itemPath>../src/config/default/peripheral/tmr/plib_tmr4.h</itemPath>
              <itemPath>../src/config/default/peripheral/tmr/plib_tmr5.h</itemPath>
              <itemPath>../src/config/default/peripheral/tmr/plib_tmr2.h</itemPath>
            </logicalFolder>
            <logicalFolder name="uart" displayName="uart" projectFiles="true">
              <itemPath>../src/config/default/peripheral/uart/plib_uart6.h</itemPath>
              <itemPath>../src/config/default/peripheral/uart/plib_uart_common.h</itemPath>
            </logicalFolder>
          </logicalFolder>
          <itemPath>../src/config/default/interrupts.h</itemPath>
          <itemPath>../src/config/default/toolchain_specifics.h</itemPath>
          <itemPath>../src/config/default/device.h</itemPath>
          <itemPath>../src/config/default/definitions.h</itemPath>
          <itemPath>../src/config/default/configuration.h</itemPath>
          <itemPath>../src/config/default/user.h</itemPath>
        </logicalFolder>
      </logicalFolder>
      <itemPath>../src/app.h</itemPath>
      <itemPath>../src/SELFTEST.h</itemPath>
      <itemPath>../src/anafun.h</itemPath>
      <itemPath>../src/anals.h</itemPath>
      <itemPath>../src/calculation.h</itemPath>
      <itemPath>../src/crc.h</itemPath>
      <itemPath>../src/mb_interf.h</itemPath>
      <itemPath>../src/modbus.h</itemPath>
      <itemPath>../src/scheduler.h</itemPath>
      <itemPath>../src/sericom.h</itemPath>
    </logicalFolder>
    <logicalFolder name="LinkerScript"
                   displayName="Linker Files"
                   projectFiles="true">
      <logicalFolder name="config" displayName="config" projectFiles="true">
        <logicalFolder name="default" displayName="default" projectFiles="true">
          <itemPath>../src/config/default/p32MK1024GPE100.ld</itemPath>
        </logicalFolder>
      </logicalFolder>
    </logicalFolder>
    <logicalFolder name="SourceFiles"
                   displayName="Source Files"
                   projectFiles="true">
      <logicalFolder name="config" displayName="config" projectFiles="true">
        <logicalFolder name="default" displayName="default" projectFiles="true">
          <logicalFolder name="peripheral" displayName="peripheral" projectFiles="true">
            <logicalFolder name="adchs" displayName="adchs" projectFiles="true">
              <itemPath>../src/config/default/peripheral/adchs/plib_adchs.c</itemPath>
            </logicalFolder>
            <logicalFolder name="clk" displayName="clk" projectFiles="true">
              <itemPath>../src/config/default/peripheral/clk/plib_clk.c</itemPath>
            </logicalFolder>
            <logicalFolder name="dmac" displayName="dmac" projectFiles="true">
              <itemPath>../src/config/default/peripheral/dmac/plib_dmac.c</itemPath>
            </logicalFolder>
            <logicalFolder name="evic" displayName="evic" projectFiles="true">
              <itemPath>../src/config/default/peripheral/evic/plib_evic.c</itemPath>
            </logicalFolder>
            <logicalFolder name="gpio" displayName="gpio" projectFiles="true">
              <itemPath>../src/config/default/peripheral/gpio/plib_gpio.c</itemPath>
            </logicalFolder>
            <logicalFolder name="nvm" displayName="nvm" projectFiles="true">
              <itemPath>../src/config/default/peripheral/nvm/plib_nvm.c</itemPath>
            </logicalFolder>
            <logicalFolder name="ocmp" displayName="ocmp" projectFiles="true">
              <itemPath>../src/config/default/peripheral/ocmp/plib_ocmp4.c</itemPath>
              <itemPath>../src/config/default/peripheral/ocmp/plib_ocmp3.c</itemPath>
              <itemPath>../src/config/default/peripheral/ocmp/plib_ocmp2.c</itemPath>
              <itemPath>../src/config/default/peripheral/ocmp/plib_ocmp1.c</itemPath>
              <itemPath>../src/config/default/peripheral/ocmp/plib_ocmp9.c</itemPath>
              <itemPath>../src/config/default/peripheral/ocmp/plib_ocmp14.c</itemPath>
            </logicalFolder>
            <logicalFolder name="tmr" displayName="tmr" projectFiles="true">
              <itemPath>../src/config/default/peripheral/tmr/plib_tmr5.c</itemPath>
              <itemPath>../src/config/default/peripheral/tmr/plib_tmr6.c</itemPath>
              <itemPath>../src/config/default/peripheral/tmr/plib_tmr4.c</itemPath>
              <itemPath>../src/config/default/peripheral/tmr/plib_tmr2.c</itemPath>
            </logicalFolder>
            <logicalFolder name="uart" displayName="uart" projectFiles="true">
              <itemPath>../src/config/default/peripheral/uart/plib_uart6.c</itemPath>
            </logicalFolder>
          </logicalFolder>
          <logicalFolder name="stdio" displayName="stdio" projectFiles="true">
            <itemPath>../src/config/default/stdio/xc32_monitor.c</itemPath>
          </logicalFolder>
          <itemPath>../src/config/default/initialization.c</itemPath>
          <itemPath>../src/config/default/interrupts.c</itemPath>
          <itemPath>../src/config/default/exceptions.c</itemPath>
          <itemPath>../src/config/default/tasks.c</itemPath>
        </logicalFolder>
      </logicalFolder>
      <itemPath>../src/main.c</itemPath>
      <itemPath>../src/app.c</itemPath>
      <itemPath>../src/SELFTEST.c</itemPath>
      <itemPath>../src/anafun.c</itemPath>
      <itemPath>../src/anals.c</itemPath>
      <itemPath>../src/calculation.c</itemPath>
      <itemPath>../src/crc.c</itemPath>
      <itemPath>../src/mb_interf.c</itemPath>
      <itemPath>../src/modbus.c</itemPath>
      <itemPath>../src/scheduler.c</itemPath>
      <itemPath>../src/sericom.c</itemPath>
    </logicalFolder>
    <logicalFolder name="ExternalFiles"
                   displayName="Important Files"
                   projectFiles="false">
      <itemPath>Makefile</itemPath>
      <itemPath>Anemo100_3tr.mc3</itemPath>
    </logicalFolder>
  </logicalFolder>
  <sourceRootList>
    <Elem>../src</Elem>
  </sourceRootList>
  <projectmakefile>Makefile</projectmakefile>
  <confs>
    <conf name="default" type="2">
      <toolsSet>
        <developmentServer>localhost</developmentServer>
        <targetDevice>PIC32MK1024GPE100</targetDevice>
        <targetHeader></targetHeader>
        <targetPluginBoard></targetPluginBoard>
        <platformTool></platformTool>
        <languageToolchain>XC32</languageToolchain>
        <languageToolchainVersion>4.21</languageToolchainVersion>
        <platform>3</platform>
      </toolsSet>
      <packs>
        <pack name="PIC32MK-GP_DFP" vendor="Microchip" version="1.6.144"/>
      </packs>
      <ScriptingSettings>
      </ScriptingSettings>
      <compileType>
        <linkerTool>
          <linkerLibItems>
          </linkerLibItems>
        </linkerTool>
        <archiverTool>
        </archiverTool>
        <loading>
          <useAlternateLoadableFile>false</useAlternateLoadableFile>
          <parseOnProdLoad>false</parseOnProdLoad>
          <alternateLoadableFile></alternateLoadableFile>
        </loading>
        <subordinates>
        </subordinates>
      </compileType>
      <makeCustomizationType>
        <makeCustomizationPreStepEnabled>false</makeCustomizationPreStepEnabled>
        <makeUseCleanTarget>false</makeUseCleanTarget>
        <makeCustomizationPreStep></makeCustomizationPreStep>
        <makeCustomizationPostStepEnabled>false</makeCustomizationPostStepEnabled>
        <makeCustomizationPostStep></makeCustomizationPostStep>
        <makeCustomizationPutChecksumInUserID>false</makeCustomizationPutChecksumInUserID>
        <makeCustomizationEnableLongLines>false</makeCustomizationEnableLongLines>
        <makeCustomizationNormalizeHexFile>false</makeCustomizationNormalizeHexFile>
      </makeCustomizationType>
      <C32>
        <property key="additional-warnings" value="true"/>
        <property key="addresss-attribute-use" value="false"/>
        <property key="appendMe" value=""/>
        <property key="enable-app-io" value="false"/>
        <property key="enable-omit-frame-pointer" value="false"/>
        <property key="enable-symbols" value="true"/>
        <property key="enable-unroll-loops" value="false"/>
        <property key="exclude-floating-point" value="false"/>
        <property key="extra-include-directories" value="../src;../src/config/default"/>
        <property key="generate-16-bit-code" value="false"/>
        <property key="generate-micro-compressed-code" value="false"/>
        <property key="isolate-each-function" value="true"/>
        <property key="make-warnings-into-errors" value="true"/>
        <property key="optimization-level" value="-O1"/>
        <property key="place-data-into-section" value="true"/>
        <property key="post-instruction-scheduling" value="default"/>
        <property key="pre-instruction-scheduling" value="default"/>
        <property key="preprocessor-macros" value=""/>
        <property key="strict-ansi" value="false"/>
        <property key="support-ansi" value="false"/>
        <property key="tentative-definitions" value="-fno-common"/>
        <property key="toplevel-reordering" value=""/>
        <property key="unaligned-access" value=""/>
        <property key="use-cci" value="false"/>
        <property key="use-iar" value="false"/>
        <property key="use-indirect-calls" value="false"/>
      </C32>
      <C32-AR>
        <property key="additional-options-chop-files" value="false"/>
      </C32-AR>
      <C32-AS>
        <property key="assembler-symbols" value=""/>
        <property key="enable-symbols" value="true"/>
        <property key="exclude-floating-point-library" value="false"/>
        <property key="expand-macros" value="false"/>
        <property key="extra-include-directories-for-assembler" value=""/>
        <property key="extra-include-directories-for-preprocessor" value=""/>
        <property key="false-conditionals" value="false"/>
        <property key="generate-16-bit-code" value="false"/>
        <property key="generate-micro-compressed-code" value="false"/>
        <property key="keep-locals" value="false"/>
        <property key="list-assembly" value="false"/>
        <property key="list-source" value="false"/>
        <property key="list-symbols" value="false"/>
        <property key="oXC32asm-list-to-file" value="false"/>
        <property key="omit-debug-dirs" value="false"/>
        <property key="omit-forms" value="false"/>
        <property key="preprocessor-macros" value=""/>
        <property key="warning-level" value=""/>
      </C32-AS>
      <C32-CO>
        <property key="coverage-enable" value=""/>
        <property key="stack-guidance" value="false"/>
      </C32-CO>
      <C32-LD>
        <property key="additional-options-use-response-files" value="false"/>
        <property key="additional-options-write-sla" value="false"/>
        <property key="allocate-dinit" value="false"/>
        <property key="appendMe" value=""/>
        <property key="code-dinit" value="false"/>
        <property key="ebase-addr" value=""/>
        <property key="enable-check-sections" value="false"/>
        <property key="exclude-floating-point-library" value="false"/>
        <property key="exclude-standard-libraries" value="false"/>
        <property key="extra-lib-directories" value=""/>
        <property key="fill-flash-options-addr" value=""/>
        <property key="fill-flash-options-const" value=""/>
        <property key="fill-flash-options-how" value="0"/>
        <property key="fill-flash-options-inc-const" value="1"/>
        <property key="fill-flash-options-increment" value=""/>
        <property key="fill-flash-options-seq" value=""/>
        <property key="fill-flash-options-what" value="0"/>
        <property key="generate-16-bit-code" value="false"/>
        <property key="generate-cross-reference-file" value="false"/>
        <property key="generate-micro-compressed-code" value="false"/>
        <property key="heap-size" value="512"/>
        <property key="input-libraries" value=""/>
        <property key="kseg-length" value=""/>
        <property key="kseg-origin" value=""/>
        <property key="linker-symbols" value=""/>
        <property key="map-file" value="${DISTDIR}/${PROJECTNAME}.${IMAGE_TYPE}.map"/>
        <property key="no-device-startup-code" value="true"/>
        <property key="no-startup-files" value="false"/>
        <property key="oXC32ld-extra-opts" value=""/>
        <property key="optimization-level" value=""/>
        <property key="preprocessor-macros" value=""/>
        <property key="remove-unused-sections" value="true"/>
        <property key="report-memory-usage" value="false"/>
        <property key="serial-length" value=""/>
        <property key="serial-origin" value=""/>
        <property key="stack-size" value=""/>
        <property key="symbol-stripping" value=""/>
        <property key="trace-symbols" value=""/>
        <property key="warn-section-align" value="false"/>
      </C32-LD>
      <C32CPP>
        <property key="additional-warnings" value="false"/>
        <property key="addresss-attribute-use" value="false"/>
        <property key="appendMe" value=""/>
        <property key="check-new" value="false"/>
        <property key="eh-specs" value="true"/>
        <property key="enable-app-io" value="false"/>
        <property key="enable-omit-frame-pointer" value="false"/>
        <property key="enable-symbols" value="true"/>
        <property key="enable-unroll-loops" value="false"/>
        <property key="exceptions" value="true"/>
        <property key="exclude-floating-point" value="false"/>
        <property key="extra-include-directories" value="../src;../src/config/default"/>
        <property key="generate-16-bit-code" value="false"/>
        <property key="generate-micro-compressed-code" value="false"/>
        <property key="isolate-each-function" value="true"/>
        <property key="make-warnings-into-errors" value="false"/>
        <property key="optimization-level" value="-O1"/>
        <property key="place-data-into-section" value="false"/>
        <property key="post-instruction-scheduling" value="default"/>
        <property key="pre-instruction-scheduling" value="default"/>
        <property key="preprocessor-macros" value=""/>
        <property key="rtti" value="true"/>
        <property key="strict-ansi" value="false"/>
        <property key="toplevel-reordering" value=""/>
        <property key="unaligned-access" value=""/>
        <property key="use-cci" value="false"/>
        <property key="use-iar" value="false"/>
        <property key="use-indirect-calls" value="false"/>
      </C32CPP>
      <C32Global>
        <property key="common-include-directories" value=""/>
        <property key="gp-relative-option" value=""/>
        <property key="legacy-libc" value="true"/>
        <property key="mdtcm" value=""/>
        <property key="mitcm" value=""/>
        <property key="mstacktcm" value="false"/>
        <property key="omit-pack-options" value="1"/>
        <property key="relaxed-math" value="false"/>
        <property key="save-temps" value="false"/>
        <property key="stack-smashing" value=""/>
        <property key="wpo-lto" value="false"/>
      </C32Global>
    </conf>
  </confs>
</configurationDescriptor>
