<?xml version="1.0" encoding="UTF-8"?>
<project-private xmlns="http://www.netbeans.org/ns/project-private/1">
    <editor-bookmarks xmlns="http://www.netbeans.org/ns/editor-bookmarks/2" lastBookmarkId="0"/>
    <open-files xmlns="http://www.netbeans.org/ns/projectui-open-files/2">
        <group>
            <file>file:/C:/Users/marek/HarmonyProjects/Anemo100_3tr/firmware/src/mb_interf.c</file>
            <file>file:/C:/Users/marek/HarmonyProjects/Anemo100_3tr/firmware/src/config/default/interrupts.c</file>
            <file>file:/C:/Users/marek/HarmonyProjects/Anemo100_3tr/firmware/src/app.c</file>
            <file>file:/C:/Users/marek/HarmonyProjects/Anemo100_3tr/firmware/src/anals.c</file>
        </group>
    </open-files>
</project-private>
